{"w": [0.38677964767208967, 0.3778861021952546, -0.4219596510316932, 0.10115007385497794, 0.02327394382783327], "b": 0.04644502279452213, "scaler_mean": [6.098765432098766, 1.8885949441504997, 4.476237507348618, 0.3958928237808301, 1.8262786596119929], "scaler_scale": [2.1373209270241427, 0.9092860614967576, 0.6292472944574548, 0.1110579699100809, 0.6243940478991988], "best_threshold": 0.5, "threshold_age": 7.0, "features": ["n_letters", "n_syll_est", "zipf_score", "vowel_ratio", "max_consonant_run"]}