{"model_type": "ridge_regression", "w": [0.43660613529229136, 0.3853799548813114, -0.5310162043965518, 0.08263823259341062, -0.0432693897200201], "b": 7.164010652333702, "scaler_mean": [6.098125689084895, 1.874678427048879, 4.472793090775444, 0.3952430603615847, 1.826534362366777], "scaler_scale": [2.1265373573745663, 0.9093950688572705, 0.6237708155432172, 0.11136221466112364, 0.6259499855668587], "target_age": 7.0, "min_pred_aoa": 1.0, "max_pred_aoa": 20.0, "features": ["n_letters", "n_syll_est", "zipf_score", "vowel_ratio", "max_consonant_run"]}